{
  "version": "v1",
  "pc_baselines": [
    {
      "id": "melee_l1_base",
      "archetype": "melee",
      "level": 1,
      "ac": 16,
      "hp": 12,
      "attack_bonus": 5,
      "attacks_per_round": 1,
      "damage_profile": [
        [
          1,
          8,
          3
        ]
      ],
      "save_bonuses": {
        "str": 4,
        "dex": 2,
        "con": 3,
        "int": 0,
        "wis": 1,
        "cha": 0
      }
    },
    {
      "id": "ranged_l1_base",
      "archetype": "ranged",
      "level": 1,
      "ac": 14,
      "hp": 9,
      "attack_bonus": 6,
      "attacks_per_round": 1,
      "damage_profile": [
        [
          1,
          8,
          2
        ]
      ],
      "save_bonuses": {
        "str": 0,
        "dex": 4,
        "con": 2,
        "int": 0,
        "wis": 2,
        "cha": 0
      }
    },
    {
      "id": "caster_l1_base",
      "archetype": "caster",
      "level": 1,
      "ac": 12,
      "hp": 7,
      "attack_bonus": 4,
      "attacks_per_round": 1,
      "damage_profile": [
        [
          1,
          10,
          0
        ]
      ],
      "save_bonuses": {
        "str": 0,
        "dex": 2,
        "con": 1,
        "int": 4,
        "wis": 2,
        "cha": 0
      }
    },
    {
      "id": "melee_l3_base",
      "archetype": "melee",
      "level": 3,
      "ac": 17,
      "hp": 28,
      "attack_bonus": 6,
      "attacks_per_round": 1,
      "damage_profile": [
        [
          1,
          10,
          4
        ]
      ],
      "save_bonuses": {
        "str": 5,
        "dex": 2,
        "con": 4,
        "int": 0,
        "wis": 1,
        "cha": 0
      }
    },
    {
      "id": "ranged_l3_base",
      "archetype": "ranged",
      "level": 3,
      "ac": 15,
      "hp": 22,
      "attack_bonus": 7,
      "attacks_per_round": 1,
      "damage_profile": [
        [
          1,
          8,
          3
        ]
      ],
      "save_bonuses": {
        "str": 0,
        "dex": 5,
        "con": 3,
        "int": 1,
        "wis": 3,
        "cha": 0
      }
    },
    {
      "id": "caster_l3_base",
      "archetype": "caster",
      "level": 3,
      "ac": 13,
      "hp": 18,
      "attack_bonus": 5,
      "attacks_per_round": 1,
      "damage_profile": [
        [
          2,
          6,
          0
        ]
      ],
      "save_bonuses": {
        "str": 0,
        "dex": 3,
        "con": 2,
        "int": 5,
        "wis": 3,
        "cha": 0
      }
    },
    {
      "id": "melee_l5_base",
      "archetype": "melee",
      "level": 5,
      "ac": 18,
      "hp": 44,
      "attack_bonus": 7,
      "attacks_per_round": 2,
      "damage_profile": [
        [
          1,
          8,
          4
        ]
      ],
      "save_bonuses": {
        "str": 6,
        "dex": 2,
        "con": 5,
        "int": 0,
        "wis": 2,
        "cha": 0
      }
    },
    {
      "id": "ranged_l5_base",
      "archetype": "ranged",
      "level": 5,
      "ac": 16,
      "hp": 36,
      "attack_bonus": 8,
      "attacks_per_round": 2,
      "damage_profile": [
        [
          1,
          8,
          4
        ]
      ],
      "save_bonuses": {
        "str": 0,
        "dex": 6,
        "con": 4,
        "int": 2,
        "wis": 4,
        "cha": 0
      }
    },
    {
      "id": "caster_l5_base",
      "archetype": "caster",
      "level": 5,
      "ac": 14,
      "hp": 32,
      "attack_bonus": 6,
      "attacks_per_round": 1,
      "damage_profile": [[3,6,0]],
      "save_bonuses": {"str":0,"dex":4,"con":3,"int":6,"wis":4,"cha":0},
      "resources": {
        "spell_slots": {"1":4, "2":3, "3":2}, 
        "features": { "arcane_recovery_short": 1, "inspiration": 1 },
        "charges": { "wand_missiles": 7 },
        "per_rest": { "short": ["arcane_recovery_short"], "long": ["inspiration"] }

      }
    }
  ]
}