{
  "version": "v1",
  "monsters": [
    {
      "id": "mirror_doppel_t1",
      "name": "Mirror Doppelganger \u2013 Tier 1",
      "ac": 13,
      "hp": 22,
      "attack_bonus": 4,
      "attacks_per_round": 1,
      "damage_profile": [[1,8,2]],
      "tags": ["mirror","baseline"],
      "gs": 90
    },
    {
      "id": "dopp_infernal_shade",
      "name": "Doppelganger \u2013 Infernal Shade",
      "ac": 13,
      "hp": 22,
      "attack_bonus": 4,
      "attacks_per_round": 1,
      "damage_profile": [[1,8,2], [1,4,0]],
      "tags": ["fire_immune","burning_ground"],
      "gs": 90
    },
    {
      "id": "dopp_abyssal_echo",
      "name": "Doppelganger \u2013 Abyssal Echo",
      "ac": 12,
      "hp": 20,
      "attack_bonus": 4,
      "attacks_per_round": 1,
      "damage_profile": [[1,8,0]],
      "tags": ["mindclaw_reaction_lock"],
      "gs": 85
    },
    {
      "id": "dopp_syndicate_phantom",
      "name": "Doppelganger \u2013 Syndicate Phantom",
      "ac": 14,
      "hp": 18,
      "attack_bonus": 5,
      "attacks_per_round": 2,
      "damage_profile": [[1,6,2]],
      "tags": ["adv_in_dim_light"],
      "gs": 95
    },
    {
      "id": "dopp_arcane_projection",
      "name": "Doppelganger \u2013 Arcane Projection",
      "ac": 11,
      "hp": 16,
      "attack_bonus": 4,
      "attacks_per_round": 1,
      "damage_profile": [[1,10,0]],
      "tags": ["explode_on_defeat"],
      "gs": 85
    },
    {
      "id": "dopp_monstrous_husk",
      "name": "Doppelganger \u2013 Monstrous Husk",
      "ac": 13,
      "hp": 26,
      "attack_bonus": 5,
      "attacks_per_round": 1,
      "damage_profile": [[1,6,3]],
      "tags": ["regen_below_half"],
      "gs": 100
    },
    {
      "id": "dopp_iron_legion_remnant",
      "name": "Doppelganger \u2013 Iron Legion Remnant",
      "ac": 16,
      "hp": 25,
      "attack_bonus": 5,
      "attacks_per_round": 1,
      "damage_profile": [[2,6,3]],
      "tags": ["resist_nonmagical"],
      "gs": 110
    },
    {
      "id": "custodian_construct",
      "name": "Custodian Construct",
      "ac": 13,
      "hp": 18,
      "attack_bonus": 3,
      "attacks_per_round": 1,
      "damage_profile": [[1,6,1]],
      "tags": ["mop_grab","drops_key_A","immune_poison_psychic"],
      "gs": 60
    },
    {
      "id": "liability_drone",
      "name": "Liability Drone",
      "ac": 14,
      "hp": 25,
      "attack_bonus": 4,
      "attacks_per_round": 1,
      "damage_profile": [[1,6,1]],
      "tags": ["laser_burst_cone","immune_poison_psychic"],
      "gs": 100
    },
    {
      "id": "contract_keeper_desk",
      "name": "Contract Keeper (Animated Desk)",
      "ac": 15,
      "hp": 34,
      "attack_bonus": 4,
      "attacks_per_round": 1,
      "damage_profile": [[1,8,2]],
      "tags": ["ink_spray_cone","immune_poison_psychic_charm"],
      "gs": 160
    }
  ],
  "encounters": [
    {
      "id": "mirror_room_act1",
      "name": "Mirror Room \u2013 Act I",
      "waves": [
        {
          "units": [
            { "monster_id": "mirror_doppel_t1", "count": 4 }
          ]
        }
      ],
      "room_effects": []
    },
    {
      "id": "q1_mirror_infernal",
      "name": "Quest 1 \u2013 Doppelgangers (Infernal Shades)",
      "waves": [
        {
          "units": [
            { "monster_id": "dopp_infernal_shade", "count": 4 }
          ]
        }
      ],
      "room_effects": ["burning_ground_aura"],
      "economy": { "debt_on_loss": 1.0, "descent_on_win": 1.0 }
    },
    {
      "id": "q1_mirror_abyssal",
      "name": "Quest 1 \u2013 Doppelgangers (Abyssal Echoes)",
      "waves": [
        {
          "units": [
            { "monster_id": "dopp_abyssal_echo", "count": 4 }
          ]
        }
      ],
      "room_effects": [],
      "economy": { "debt_on_loss": 1.0, "descent_on_win": 1.0 }
    },
    {
      "id": "q1_mirror_syndicate",
      "name": "Quest 1 \u2013 Doppelgangers (Syndicate Phantoms)",
      "waves": [
        {
          "units": [
            { "monster_id": "dopp_syndicate_phantom", "count": 4 }
          ]
        }
      ],
      "room_effects": [],
      "economy": { "debt_on_loss": 1.0, "descent_on_win": 1.0 }
    },
    {
      "id": "q1_mirror_arcane",
      "name": "Quest 1 \u2013 Doppelgangers (Arcane Projections)",
      "waves": [
        {
          "units": [
            { "monster_id": "dopp_arcane_projection", "count": 4 }
          ]
        }
      ],
      "room_effects": ["arcane_explosion_splash"],
      "economy": { "debt_on_loss": 1.0, "descent_on_win": 1.0 }
    },
    {
      "id": "q1_mirror_husk",
      "name": "Quest 1 \u2013 Doppelgangers (Monstrous Husks)",
      "waves": [
        {
          "units": [
            { "monster_id": "dopp_monstrous_husk", "count": 3 }
          ]
        }
      ],
      "room_effects": [],
      "economy": { "debt_on_loss": 1.0, "descent_on_win": 1.0 }
    },
    {
      "id": "q1_mirror_iron",
      "name": "Quest 1 \u2013 Doppelgangers (Iron Legion Remnants)",
      "waves": [
        {
          "units": [
            { "monster_id": "dopp_iron_legion_remnant", "count": 3 }
          ]
        }
      ],
      "room_effects": [],
      "economy": { "debt_on_loss": 1.0, "descent_on_win": 1.0 }
    },
    {
      "id": "q1_wandering_custodian",
      "name": "Mini Encounter \u2013 Wandering Custodian",
      "waves": [
        {
          "units": [
            { "monster_id": "custodian_construct", "count": 1 }
          ]
        }
      ],
      "room_effects": [],
      "economy": { "debt_on_loss": 0.5, "descent_on_win": 0.5 }
    },
    {
      "id": "q2_clause_liability",
      "name": "Clause of Liability \u2013 Liability Drone",
      "waves": [
        {
          "units": [
            { "monster_id": "liability_drone", "count": 1 }
          ]
        }
      ],
      "room_effects": ["drone_laser_burst_pulse"],
      "economy": { "debt_on_loss": 1.0, "descent_on_win": 1.0 }
    },
    {
      "id": "q2_clause_termination",
      "name": "Clause of Termination \u2013 Contract Keeper",
      "waves": [
        {
          "units": [
            { "monster_id": "contract_keeper_desk", "count": 1 }
          ]
        }
      ],
      "room_effects": ["desk_ink_spray_pulse"],
      "economy": { "debt_on_loss": 1.5, "descent_on_win": 1.5 }
    }
  ]
}
