{
  "version": "v1",
  "traps": [
    {
      "id": "shatterglass_showcase",
      "name": "Shatterglass Showcase",
      "trigger": "item_lift",
      "save": {
        "type": "dex",
        "dc": 14
      },
      
      "on_fail_dmg": [
        [
          3,
          6,
          0
        ]
      ],
      "aura_tags": [
        "bleed"
      ],
      "gs": 60
    },
    {
      "id": "ledger_bomb",
      "name": "Infernal Ledger Bomb",
      "trigger": "open_book",
      "save": {
        "type": "wis",
        "dc": 13
      },
      "on_fail_dmg": [
        [
          2,
          8,
          0
        ]
      ],
      "gs": 70
    },
    {
  "id": "fire_clause_burn",
  "name": "Clause of Ownership — Flame Curtains",
  "trigger": "puzzle_fail",
  "save": { "type": "dex", "dc": 14 },
  "on_fail_dmg": [[2,6,0]],
  "aura_tags": ["burn_inventory_escrow"],
  "gs": 80
},
{
  "id": "consent_field_shock",
  "name": "Clause of Consent — Cease & Desist Shock",
  "trigger": "act_without_pressing",
  "save": { "type": "wis", "dc": 14 },
  "on_fail_dmg": [[1,4,0]],
  "aura_tags": ["paralyze_on_fail_flavor"],
  "gs": 60
}

  ],
  "room_effects": [
    {
      "id": "reflective_ground",
      "name": "Reflective Ground",
      "rule": "crit_range_wider_for_mirror",
      "params": {
        "mirror_side_bonus": 1
      }
    },
    {
  "id": "burning_ground_aura",
  "name": "Burning Ground (Infernal Shade)",
  "rule": "pulse_every_n",
  "params": { "n": 2, "dc": 12, "dmg": [[1,4,0]] }
},
{
  "id": "arcane_explosion_splash",
  "name": "Arcane Projection — Splash on Defeat (approx.)",
  "rule": "pulse_every_n",
  "params": { "n": 4, "dc": 12, "dmg": [[1,6,0]] }
},
{
  "id": "drone_laser_burst_pulse",
  "name": "Liability Drone — Laser Burst (cone approx.)",
  "rule": "pulse_every_n",
  "params": { "n": 3, "dc": 13, "dmg": [[2,6,0]] }
},
{
  "id": "desk_ink_spray_pulse",
  "name": "Contract Keeper — Ink Spray (cone approx.)",
  "rule": "pulse_every_n",
  "params": { "n": 3, "dc": 13, "dmg": [[2,10,0]] }
},

    {
      "id": "audit_field",
      "name": "Audit Field",
      "rule": "psychic_pulse_every_3",
      "params": {
        "dc": 13,
        "dmg": [
          [
            1,
            6,
            0
          ]
        ]
      }
    }
  ]
}